file,label,mean,std,rms,zcr,centroid,bandwidth,contrast,rolloff
data_preprocessed\train\buka\buka48k-buka_0.wav.wav,buka,0.025847858,0.1558946,0.12979656,0.16974431818181818,916.3243680750293,1140.7268980658139,20.366493193492346,1669.034090909091
data_preprocessed\train\buka\buka48k-buka_1.wav.wav,buka,0.03001439,0.14583969,0.11990471,0.09864908854166667,955.0817756584887,1091.8311755195157,20.999795377749,1702.34375
data_preprocessed\train\buka\buka48k-buka_10.wav.wav,buka,0.030017825,0.14584678,0.11991091,0.09861653645833333,955.0292710913319,1091.6847622741382,21.000394812808434,1702.0833333333333
data_preprocessed\train\buka\buka48k-buka_100.wav.wav,buka,0.030583289,0.14889283,0.12340531,0.10443115234375,968.7502518134648,1101.566681154444,20.754617369784256,1756.5104166666667
data_preprocessed\train\buka\buka48k-buka_101.wav.wav,buka,0.030490147,0.148905,0.12338072,0.10906982421875,971.5697266781308,1107.7356737778346,20.69533667346145,1759.4401041666667
data_preprocessed\train\buka\buka48k-buka_102.wav.wav,buka,0.030657183,0.1489251,0.12345544,0.10288492838541667,968.0271201499589,1099.9363339694246,20.74884175908839,1755.2083333333333
data_preprocessed\train\buka\buka48k-buka_103.wav.wav,buka,0.039478328,0.23730873,0.20611526,0.07746834590517242,1039.3723548368976,1154.9449841156704,22.672345954996814,2086.7456896551726
data_preprocessed\train\buka\buka48k-buka_104.wav.wav,buka,0.030590773,0.1489049,0.12341694,0.10382080078125,968.811220185998,1101.9673805779778,20.831809172919552,1756.5104166666667
data_preprocessed\train\buka\buka48k-buka_105.wav.wav,buka,0.03940634,0.23730771,0.20609225,0.08044854525862069,1040.0825514499898,1156.90254887073,22.679073671544614,2088.9008620689656
data_preprocessed\train\buka\buka48k-buka_106.wav.wav,buka,0.030284742,0.14878045,0.12321398,0.11435953776041667,978.3226726234939,1121.7328203040804,20.55208156076466,1768.2291666666667
data_preprocessed\train\buka\buka48k-buka_107.wav.wav,buka,0.030621335,0.1489185,0.123437725,0.10349527994791667,968.4162677128215,1100.8766059424008,20.788155794551837,1755.2083333333333
data_preprocessed\train\buka\buka48k-buka_108.wav.wav,buka,0.030640787,0.14892018,0.12344653,0.10272216796875,968.1750407832333,1100.2264942511504,20.73722658052123,1754.8828125
data_preprocessed\train\buka\buka48k-buka_109.wav.wav,buka,0.031364642,0.15485524,0.13024303,0.09972563244047619,959.7204470105089,1093.139096742481,21.06160676755602,1729.1666666666667
data_preprocessed\train\buka\buka48k-buka_11.wav.wav,buka,0.042825308,0.24892664,0.21553619,0.07473493303571428,1044.8388456172127,1161.875183126491,23.116057073633403,2113.839285714286
data_preprocessed\train\buka\buka48k-buka_110.wav.wav,buka,0.041450445,0.24848399,0.21540852,0.07718460648148148,1031.4325639682254,1153.1727607861349,22.825463087418424,2078.703703703704
data_preprocessed\train\buka\buka48k-buka_111.wav.wav,buka,0.041552488,0.2485197,0.21547116,0.07468894675925926,1030.2797275454823,1150.6116145103306,22.788412900415516,2077.8356481481483
data_preprocessed\train\buka\buka48k-buka_112.wav.wav,buka,0.03122567,0.15483241,0.13018163,0.10767764136904762,961.7636780562489,1097.208857484849,21.125549166670996,1732.8869047619048
data_preprocessed\train\buka\buka48k-buka_113.wav.wav,buka,0.031091949,0.15474987,0.13007325,0.11632719494047619,964.9349698312542,1104.2576255811834,20.85314585919779,1736.9791666666667
data_preprocessed\train\buka\buka48k-buka_114.wav.wav,buka,0.031272467,0.15481754,0.1301856,0.10463169642857142,960.6042097690998,1094.9659112984973,21.10768831442844,1731.3988095238096
data_preprocessed\train\buka\buka48k-buka_115.wav.wav,buka,0.041378316,0.2484728,0.21537508,0.07837818287037036,1032.993147407223,1156.9985975449247,22.904993056044507,2081.3078703703704
data_preprocessed\train\buka\buka48k-buka_116.wav.wav,buka,0.04146715,0.2485168,0.21544135,0.07606336805555555,1031.53594990236,1153.2495888373578,22.82045744828679,2078.9930555555557
data_preprocessed\train\buka\buka48k-buka_117.wav.wav,buka,0.041315403,0.248458,0.21534309,0.0817599826388889,1034.9033743223447,1161.2578988085572,22.760245075028628,2084.7800925925926
data_preprocessed\train\buka\buka48k-buka_118.wav.wav,buka,0.041496202,0.24849442,0.21543187,0.07566550925925926,1031.0288230138312,1152.2804174385483,22.834985902672113,2078.703703703704
data_preprocessed\train\buka\buka48k-buka_119.wav.wav,buka,0.03133554,0.15485442,0.13023345,0.1033296130952381,960.2723903021264,1094.3666437917086,21.048895431830893,1730.282738095238
data_preprocessed\train\buka\buka48k-buka_12.wav.wav,buka,0.042841807,0.24893963,0.21555229,0.07494419642857143,1044.4028861709564,1161.0427192462682,23.09135666406708,2113.1696428571427
data_preprocessed\train\buka\buka48k-buka_120.wav.wav,buka,0.041321516,0.24842331,0.21531686,0.0813259548611111,1034.7850802878409,1160.9091940119836,22.78038933432734,2084.490740740741
data_preprocessed\train\buka\buka48k-buka_121.wav.wav,buka,0.04069493,0.2428152,0.21149607,0.07991536458333333,1026.3398491937426,1155.7178817296324,22.56456036866617,2045.5729166666667
data_preprocessed\train\buka\buka48k-buka_122.wav.wav,buka,0.04073985,0.24283363,0.21152592,0.07967122395833333,1025.0890666600214,1153.15202462864,22.43658768998333,2043.2942708333333
data_preprocessed\train\buka\buka48k-buka_123.wav.wav,buka,0.031603225,0.1496943,0.12542906,0.103515625,957.2637117431077,1127.0273931066972,20.743905583312404,1760.15625
data_preprocessed\train\buka\buka48k-buka_124.wav.wav,buka,0.040872432,0.24281228,0.21154879,0.07672119140625,1023.5449747452918,1149.5378962661077,22.485358420367568,2039.7135416666667
data_preprocessed\train\buka\buka48k-buka_125.wav.wav,buka,0.031600244,0.14973988,0.12546149,0.10283203125,957.326244844969,1127.731784965247,20.751437930595902,1758.984375
data_preprocessed\train\buka\buka48k-buka_126.wav.wav,buka,0.031600244,0.14973988,0.12546149,0.10283203125,957.326244844969,1127.731784965247,20.751437930595902,1758.984375
data_preprocessed\train\buka\buka48k-buka_127.wav.wav,buka,0.03169613,0.14970815,0.12547,0.0982177734375,956.185952676656,1124.9659933404107,20.865870755599275,1758.203125
data_preprocessed\train\buka\buka48k-buka_128.wav.wav,buka,0.031672165,0.14973016,0.12547883,0.1013671875,956.5252313925364,1125.766366606169,20.753024036359196,1758.203125
data_preprocessed\train\buka\buka48k-buka_129.wav.wav,buka,0.031687845,0.14971448,0.12547165,0.0984130859375,956.1481042286017,1124.8016872809042,20.786936257680697,1757.8125
data_preprocessed\train\buka\buka48k-buka_13.wav.wav,buka,0.042781677,0.24895452,0.21554509,0.07887834821428572,1045.5706454365363,1163.7067063570864,23.079285607510485,2114.7321428571427
data_preprocessed\train\buka\buka48k-buka_130.wav.wav,buka,0.031747274,0.1497276,0.1255013,0.0979248046875,955.951359479978,1124.5841497559802,20.8081181737122,1757.8125
data_preprocessed\train\buka\buka48k-buka_131.wav.wav,buka,0.040869914,0.24280521,0.21154243,0.07672119140625,1023.552119203746,1149.6808725098072,22.448122026083336,2039.3880208333333
data_preprocessed\train\buka\buka48k-buka_132.wav.wav,buka,0.03138658,0.14968437,0.12534876,0.1177001953125,962.3242181450571,1138.0562107433059,20.5418093065944,1769.53125
data_preprocessed\train\buka\buka48k-buka_133.wav.wav,buka,0.03172806,0.14972553,0.12549315,0.0987548828125,956.0140201274747,1124.5923076725685,20.749671186252357,1757.8125
data_preprocessed\train\buka\buka48k-buka_134.wav.wav,buka,0.030908283,0.1610143,0.13518474,0.0971408420138889,969.0029374540468,1110.41143508019,21.17319969385444,1801.2152777777778
data_preprocessed\train\buka\buka48k-buka_135.wav.wav,buka,0.030640045,0.16100636,0.13509822,0.104736328125,975.8312977456814,1125.236835983519,21.031149601939543,1811.1979166666667
data_preprocessed\train\buka\buka48k-buka_136.wav.wav,buka,0.040492333,0.24329357,0.21358715,0.10318270596590909,1047.422504128868,1209.9774835880735,22.28954017386734,2071.0227272727275
data_preprocessed\train\buka\buka48k-buka_137.wav.wav,buka,0.04127028,0.24322678,0.21378039,0.07981178977272728,1019.0513385053969,1156.2820083610575,22.229896954228863,1970.8806818181818
data_preprocessed\train\buka\buka48k-buka_138.wav.wav,buka,0.0411528,0.24333866,0.21383494,0.08345170454545454,1022.269574777391,1162.7881110946976,22.423550207416564,1982.5994318181818
data_preprocessed\train\buka\buka48k-buka_139.wav.wav,buka,0.030800024,0.1609955,0.13513821,0.09974500868055555,970.8251172541788,1114.0972706766065,21.108502343426697,1803.3854166666667
data_preprocessed\train\buka\buka48k-buka_14.wav.wav,buka,0.04179035,0.24878412,0.21507603,0.09344308035714285,1084.228957731222,1233.4019867105608,23.077081857237676,2193.0803571428573
data_preprocessed\train\buka\buka48k-buka_140.wav.wav,buka,0.041433938,0.24330713,0.21389703,0.08358487215909091,1016.4631987620214,1150.6072399245015,22.26786591296024,1963.4232954545455
data_preprocessed\train\buka\buka48k-buka_141.wav.wav,buka,0.030322384,0.16083175,0.13486317,0.1215549045138889,986.9543367795915,1147.1462313904233,20.575911886847244,1832.8993055555557
data_preprocessed\train\buka\buka48k-buka_142.wav.wav,buka,0.030858211,0.16099851,0.13515727,0.09876844618055555,969.5935334825174,1111.336671015995,21.22467066040593,1801.2152777777778
data_preprocessed\train\buka\buka48k-buka_143.wav.wav,buka,0.030822203,0.1610002,0.13514811,0.09893120659722222,970.2855822713263,1112.6918256024471,21.19782309604189,1803.8194444444443
data_preprocessed\train\buka\buka48k-buka_144.wav.wav,buka,0.039031345,0.24201515,0.2120006,0.11885209517045454,1114.841186969835,1311.7369633231017,22.24332954040375,2229.403409090909
data_preprocessed\train\buka\buka48k-buka_145.wav.wav,buka,0.04145988,0.24326351,0.21386935,0.08303000710227272,1015.9852806062968,1149.5151910651746,22.23447497301008,1963.4232954545455
data_preprocessed\train\buka\buka48k-buka_146.wav.wav,buka,0.04098779,0.24334684,0.21379152,0.08749112215909091,1027.5696149185883,1173.1066660918934,22.373080880413283,2003.5511363636363
data_preprocessed\train\buka\buka48k-buka_147.wav.wav,buka,0.041436885,0.24327561,0.21387191,0.08285245028409091,1016.1667058946598,1149.9931443174387,22.280709542761183,1963.0681818181818
data_preprocessed\train\buka\buka48k-buka_148.wav.wav,buka,0.03990107,0.24483016,0.21285586,0.08605375744047619,1017.50480781546,1173.5036375149652,22.373145073599506,2015.625
data_preprocessed\train\buka\buka48k-buka_149.wav.wav,buka,0.039631814,0.24472201,0.21268445,0.0787992931547619,1023.7482345177516,1185.0121324281422,22.186275411715037,2027.529761904762
data_preprocessed\train\buka\buka48k-buka_15.wav.wav,buka,0.042841807,0.24893963,0.21555229,0.07494419642857143,1044.4028861709564,1161.0427192462682,23.09135666406708,2113.1696428571427
data_preprocessed\train\buka\buka48k-buka_16.wav.wav,buka,0.042330485,0.24877644,0.21525069,0.08782087053571429,1060.854961474346,1193.5627506737587,23.035913178791652,2143.0803571428573
data_preprocessed\train\buka\buka48k-buka_17.wav.wav,buka,0.042769376,0.24897572,0.21555798,0.07918526785714286,1046.200422621864,1164.8294978591166,23.069362141615063,2115.848214285714
data_preprocessed\train\buka\buka48k-buka_18.wav.wav,buka,0.04282163,0.24893513,0.21554177,0.07449776785714286,1044.737712538259,1161.7845909328496,23.11354962892689,2113.3928571428573
data_preprocessed\train\buka\buka48k-buka_19.wav.wav,buka,0.029964127,0.14584702,0.11989256,0.098583984375,955.7467210277875,1093.1783311334787,21.013117353743198,1702.8645833333333
data_preprocessed\train\buka\buka48k-buka_2.wav.wav,buka,0.029959045,0.14584586,0.1198897,0.09952799479166667,955.6995533863817,1093.0609784243577,21.040253218099547,1703.125
data_preprocessed\train\buka\buka48k-buka_20.wav.wav,buka,0.03062615,0.14819553,0.12323904,0.10917295258620689,959.6648426583573,1112.0219339891387,20.91697833699491,1707.4353448275863
data_preprocessed\train\buka\buka48k-buka_21.wav.wav,buka,0.041119322,0.24853402,0.21463712,0.10320870535714285,1116.3437876521855,1282.5256009849581,23.00226203127575,2290.625
data_preprocessed\train\buka\buka48k-buka_22.wav.wav,buka,0.042841807,0.24893963,0.21555229,0.07494419642857143,1044.4028861709564,1161.0427192462682,23.09135666406708,2113.1696428571427
data_preprocessed\train\buka\buka48k-buka_23.wav.wav,buka,0.0300193,0.14584817,0.1199127,0.09861653645833333,955.0521441617336,1091.7925670152974,21.03510918171172,1702.0833333333333
data_preprocessed\train\buka\buka48k-buka_24.wav.wav,buka,0.041119322,0.24853402,0.21463712,0.10320870535714285,1116.3437876521855,1282.5256009849581,23.00226203127575,2290.625
data_preprocessed\train\buka\buka48k-buka_25.wav.wav,buka,0.03000198,0.14584336,0.11990313,0.098681640625,955.2868632292464,1092.3574026457832,21.04976733342609,1702.34375
data_preprocessed\train\buka\buka48k-buka_26.wav.wav,buka,0.04278994,0.24892896,0.21552713,0.07885044642857143,1045.3249897933993,1163.0647763949958,23.07360417896468,2114.0625
data_preprocessed\train\buka\buka48k-buka_27.wav.wav,buka,0.029991772,0.1458502,0.11990474,0.09874674479166666,955.1389536937744,1091.8252853031265,21.079889226336768,1702.34375
data_preprocessed\train\buka\buka48k-buka_28.wav.wav,buka,-1.0,0.0,0.9942863,0.0,23.66105407807921,52.35409104614904,29.346306505709943,49.04149159663866
data_preprocessed\train\buka\buka48k-buka_29.wav.wav,buka,0.029929383,0.14580852,0.11985116,0.10008138020833333,956.1337299122993,1093.743856391104,21.057508202397237,1703.125
data_preprocessed\train\buka\buka48k-buka_3.wav.wav,buka,0.042753674,0.24893323,0.21551895,0.08087332589285715,1046.3692142131447,1165.3813179674357,23.01033830944379,2114.9553571428573
data_preprocessed\train\buka\buka48k-buka_30.wav.wav,buka,0.042746957,0.248911,0.21549837,0.08098493303571429,1046.174158507826,1164.8129257114922,23.026965778796,2115.848214285714
data_preprocessed\train\buka\buka48k-buka_31.wav.wav,buka,0.042530235,0.24880795,0.21534228,0.088671875,1052.2423020603474,1177.5372566046024,23.086107369408467,2125.8928571428573
data_preprocessed\train\buka\buka48k-buka_32.wav.wav,buka,0.040467344,0.24892446,0.21470773,0.11219308035714286,1149.0002956196129,1331.078211909248,22.837476410669233,2360.714285714286
data_preprocessed\train\buka\buka48k-buka_33.wav.wav,buka,0.042707983,0.2489179,0.21549061,0.08345424107142857,1047.383024611252,1167.2450077724618,23.10583293524766,2117.410714285714
data_preprocessed\train\buka\buka48k-buka_34.wav.wav,buka,0.02997691,0.1458401,0.11989167,0.09855143229166667,955.4323899229088,1092.45898876527,21.026152990078646,1702.8645833333333
data_preprocessed\train\buka\buka48k-buka_35.wav.wav,buka,0.042549822,0.24888122,0.21540916,0.088671875,1052.899933603028,1177.8489677127725,23.066144096274137,2129.2410714285716
data_preprocessed\train\buka\buka48k-buka_36.wav.wav,buka,0.04268497,0.24897288,0.2155273,0.08331473214285715,1048.6661843683619,1169.7947921684904,23.07603678380072,2119.4196428571427
data_preprocessed\train\buka\buka48k-buka_37.wav.wav,buka,0.029969707,0.14582045,0.11987426,0.09890950520833333,955.3607536581062,1092.1554105032405,20.98016300843684,1702.34375
data_preprocessed\train\buka\buka48k-buka_38.wav.wav,buka,0.04266441,0.24889062,0.21545495,0.08529575892857143,1048.6979481142046,1170.0106208709544,23.085414386037147,2118.526785714286
data_preprocessed\train\buka\buka48k-buka_39.wav.wav,buka,0.042827766,0.24895073,0.21555693,0.07473493303571428,1044.6922220429078,1161.7708517523577,23.079123399483585,2113.3928571428573
data_preprocessed\train\buka\buka48k-buka_4.wav.wav,buka,-1.0,0.0,0.9943944,0.0,23.244149329058644,51.65714793302741,29.341176152976896,48.59639830508475
data_preprocessed\train\buka\buka48k-buka_40.wav.wav,buka,0.029969528,0.14583421,0.1198845,0.09903971354166667,955.6495118196088,1092.6532629368019,20.962108355088557,1703.125
data_preprocessed\train\buka\buka48k-buka_41.wav.wav,buka,-1.0,0.0,0.9943944,0.0,23.244149329058644,51.65714793302741,29.341176152976896,48.59639830508475
data_preprocessed\train\buka\buka48k-buka_42.wav.wav,buka,0.029923636,0.14582793,0.11986379,0.09998372395833334,956.1810354153434,1094.0150015226075,21.048269103639072,1703.125
data_preprocessed\train\buka\buka48k-buka_43.wav.wav,buka,0.030006692,0.1458434,0.1199048,0.098388671875,955.0593361287897,1091.760980167644,20.994692892545025,1702.34375
data_preprocessed\train\buka\buka48k-buka_44.wav.wav,buka,0.042781677,0.24895452,0.21554509,0.07887834821428572,1045.5706454365363,1163.7067063570864,23.079285607510485,2114.7321428571427
data_preprocessed\train\buka\buka48k-buka_45.wav.wav,buka,0.029746203,0.14582866,0.1198014,0.10955403645833334,962.8180961559755,1108.0911610017963,20.84408883324461,1713.28125
data_preprocessed\train\buka\buka48k-buka_46.wav.wav,buka,0.029996859,0.14584965,0.11990592,0.09855143229166667,955.1770406848998,1092.0903058710294,20.9906061201002,1702.0833333333333
data_preprocessed\train\buka\buka48k-buka_47.wav.wav,buka,0.042807456,0.24895427,0.21555293,0.074609375,1045.093605778439,1162.6693074932318,23.057085538653716,2113.839285714286
data_preprocessed\train\buka\buka48k-buka_48.wav.wav,buka,0.042770594,0.24893929,0.2155292,0.079296875,1045.8454200958377,1164.1414776180718,23.03034269490747,2114.285714285714
data_preprocessed\train\buka\buka48k-buka_49.wav.wav,buka,0.03886439,0.2502052,0.2150945,0.12794363839285713,1243.4834235173716,1458.7633473041792,22.687572972546548,2535.4910714285716
data_preprocessed\train\buka\buka48k-buka_5.wav.wav,buka,0.029794162,0.14579958,0.11979535,0.10421549479166667,960.2893621493786,1102.7344678855995,20.996516292032748,1710.9375
data_preprocessed\train\buka\buka48k-buka_50.wav.wav,buka,0.042435605,0.24893083,0.21541312,0.09094587053571429,1057.0276788139772,1186.2654186041334,23.050723992234573,2137.723214285714
data_preprocessed\train\buka\buka48k-buka_51.wav.wav,buka,0.028497262,0.14691931,0.121339336,0.2246598868534483,1111.7729885949498,1358.9381170963309,20.121470430021258,2019.396551724138
data_preprocessed\train\buka\buka48k-buka_52.wav.wav,buka,0.042435605,0.24893083,0.21541312,0.09094587053571429,1057.0276788139772,1186.2654186041334,23.050723992234573,2137.723214285714
data_preprocessed\train\buka\buka48k-buka_53.wav.wav,buka,0.04281218,0.24891305,0.2155207,0.07472098214285715,1044.8747056390816,1161.8991104043732,23.09521502592294,2113.3928571428573
data_preprocessed\train\buka\buka48k-buka_54.wav.wav,buka,0.042721808,0.24888195,0.2154669,0.08088727678571428,1046.7075983935142,1165.8958214995912,23.01212553916405,2116.0714285714284
data_preprocessed\train\buka\buka48k-buka_55.wav.wav,buka,0.02994687,0.14582054,0.1198668,0.099267578125,955.9759549429231,1093.233704441454,20.928190133646325,1704.1666666666667
data_preprocessed\train\buka\buka48k-buka_56.wav.wav,buka,0.04259773,0.24889192,0.2154349,0.08666294642857143,1050.4671516110639,1173.7118261016412,23.197021548179336,2121.875
data_preprocessed\train\buka\buka48k-buka_57.wav.wav,buka,0.0424406,0.24886812,0.21536204,0.09116908482142858,1056.2955277216518,1184.8161121865003,23.07223249489882,2134.151785714286
data_preprocessed\train\buka\buka48k-buka_58.wav.wav,buka,-1.0,0.0,0.9942863,0.0,23.66105407807921,52.35409104614904,29.346306505709943,49.04149159663866
data_preprocessed\train\buka\buka48k-buka_59.wav.wav,buka,0.04249508,0.24888757,0.21539615,0.08971819196428571,1054.4202854020302,1181.3371247100306,23.034033439618575,2130.8035714285716
data_preprocessed\train\buka\buka48k-buka_6.wav.wav,buka,0.02976476,0.14577381,0.11976613,0.10665690104166667,961.3521472402368,1104.6115569179115,20.937139734004795,1711.1979166666667
data_preprocessed\train\buka\buka48k-buka_60.wav.wav,buka,0.04282163,0.24893513,0.21554177,0.07449776785714286,1044.737712538259,1161.7845909328496,23.11354962892689,2113.3928571428573
data_preprocessed\train\buka\buka48k-buka_61.wav.wav,buka,0.042817663,0.24892522,0.21553251,0.074609375,1044.618108331253,1161.5312679899969,23.082098063715744,2113.1696428571427
data_preprocessed\train\buka\buka48k-buka_62.wav.wav,buka,0.042703144,0.2489252,0.21549611,0.08345424107142857,1047.2604374811763,1167.1104363811503,23.049525773077995,2117.6339285714284
data_preprocessed\train\buka\buka48k-buka_63.wav.wav,buka,0.04156049,0.24883494,0.21502937,0.09767020089285715,1095.6425000320314,1252.0479727266295,23.036372707594094,2227.6785714285716
data_preprocessed\train\buka\buka48k-buka_64.wav.wav,buka,0.042753674,0.24893323,0.21551895,0.08087332589285715,1046.3692142131447,1165.3813179674357,23.01033830944379,2114.9553571428573
data_preprocessed\train\buka\buka48k-buka_65.wav.wav,buka,0.0300193,0.14584817,0.1199127,0.09861653645833333,955.0521441617336,1091.7925670152974,21.03510918171172,1702.0833333333333
data_preprocessed\train\buka\buka48k-buka_66.wav.wav,buka,0.029969528,0.14583421,0.1198845,0.09903971354166667,955.6495118196088,1092.6532629368019,20.962108355088557,1703.125
data_preprocessed\train\buka\buka48k-buka_67.wav.wav,buka,0.042642713,0.24891876,0.21546999,0.08512834821428572,1049.3491658879855,1171.3064294264877,23.07649164258353,2119.8660714285716
data_preprocessed\train\buka\buka48k-buka_68.wav.wav,buka,0.042825308,0.24892664,0.21553619,0.07473493303571428,1044.8388456172127,1161.875183126491,23.116057073633403,2113.839285714286
data_preprocessed\train\buka\buka48k-buka_69.wav.wav,buka,0.029848088,0.14578527,0.11980469,0.10128580729166667,958.1921403368538,1098.0078932784593,20.96624849427102,1707.03125
data_preprocessed\train\buka\buka48k-buka_7.wav.wav,buka,0.029992795,0.14584047,0.11989791,0.098779296875,955.1073211145339,1091.7714152952628,21.010993131428748,1702.34375
data_preprocessed\train\buka\buka48k-buka_70.wav.wav,buka,0.029920656,0.14582889,0.11986274,0.09962565104166667,956.1051854144076,1093.7111900087414,21.04145252098688,1703.3854166666667
data_preprocessed\train\buka\buka48k-buka_71.wav.wav,buka,0.042810466,0.2489177,0.21552421,0.07472098214285715,1044.9110169661744,1162.2064290909173,23.064794530369248,2113.1696428571427
data_preprocessed\train\buka\buka48k-buka_72.wav.wav,buka,0.029923636,0.14582793,0.11986379,0.09998372395833334,956.1810354153434,1094.0150015226075,21.048269103639072,1703.125
data_preprocessed\train\buka\buka48k-buka_73.wav.wav,buka,0.029964127,0.14584702,0.11989256,0.098583984375,955.7467210277875,1093.1783311334787,21.013117353743198,1702.8645833333333
data_preprocessed\train\buka\buka48k-buka_74.wav.wav,buka,0.04260179,0.24887349,0.21541785,0.08666294642857143,1050.4872648124442,1173.725313937743,23.07888862495697,2122.9910714285716
data_preprocessed\train\buka\buka48k-buka_75.wav.wav,buka,0.029887583,0.14582103,0.119844995,0.101513671875,957.0725537926018,1095.698387942972,21.011006253226896,1703.90625
data_preprocessed\train\buka\buka48k-buka_76.wav.wav,buka,0.042689584,0.24887565,0.21545191,0.08309151785714286,1047.4360865023298,1167.6209122543778,23.08400676194944,2116.964285714286
data_preprocessed\train\buka\buka48k-buka_77.wav.wav,buka,0.029763635,0.14573494,0.119735,0.10587565104166667,961.140343575967,1104.4523026892793,20.86933217295863,1711.9791666666667
data_preprocessed\train\buka\buka48k-buka_78.wav.wav,buka,0.042770594,0.24893929,0.2155292,0.079296875,1045.8454200958377,1164.1414776180718,23.03034269490747,2114.285714285714
data_preprocessed\train\buka\buka48k-buka_79.wav.wav,buka,0.030625222,0.14821301,0.123249486,0.10971174568965517,960.0363443691048,1112.6666241849555,20.825889178829232,1707.7047413793102
data_preprocessed\train\buka\buka48k-buka_8.wav.wav,buka,0.042815223,0.24892665,0.21553336,0.074609375,1044.8215314222605,1161.928477239119,23.052717662808586,2113.3928571428573
data_preprocessed\train\buka\buka48k-buka_80.wav.wav,buka,0.042828407,0.24892917,0.21553908,0.07449776785714286,1044.5990138441389,1161.5399199898125,23.079678819803455,2112.9464285714284
data_preprocessed\train\buka\buka48k-buka_81.wav.wav,buka,0.042724475,0.24896105,0.21553147,0.08099888392857142,1047.2418499181747,1167.0390424631926,22.99661024434137,2117.6339285714284
data_preprocessed\train\buka\buka48k-buka_82.wav.wav,buka,0.042742737,0.24893568,0.21551709,0.08045479910714286,1046.5378242176857,1165.7679301067396,23.087031088989267,2114.9553571428573
data_preprocessed\train\buka\buka48k-buka_83.wav.wav,buka,0.04268497,0.24897288,0.2155273,0.08331473214285715,1048.6661843683619,1169.7947921684904,23.07603678380072,2119.4196428571427
data_preprocessed\train\buka\buka48k-buka_84.wav.wav,buka,0.029883958,0.14581156,0.119836345,0.10154622395833333,956.9107103791952,1095.4247332596874,20.95314826671924,1704.4270833333333
data_preprocessed\train\buka\buka48k-buka_85.wav.wav,buka,0.042570155,0.24892929,0.2154545,0.08878348214285714,1051.9619300488414,1176.4586957924262,23.13314457480397,2126.339285714286
data_preprocessed\train\buka\buka48k-buka_86.wav.wav,buka,0.04282969,0.24892533,0.21553677,0.07472098214285715,1044.5112030147502,1161.3373483253217,23.069945719762035,2112.723214285714
data_preprocessed\train\buka\buka48k-buka_87.wav.wav,buka,0.04179035,0.24878412,0.21507603,0.09344308035714285,1084.228957731222,1233.4019867105608,23.077081857237676,2193.0803571428573
data_preprocessed\train\buka\buka48k-buka_88.wav.wav,buka,0.039170917,0.23375356,0.20260167,0.089447021484375,1049.1407054682186,1180.6724479283844,22.92591505345158,2112.060546875
data_preprocessed\train\buka\buka48k-buka_89.wav.wav,buka,0.032117598,0.15246771,0.12771755,0.09955303485576923,960.7951359261529,1099.8106705194257,20.956114371941126,1752.4038461538462
data_preprocessed\train\buka\buka48k-buka_9.wav.wav,buka,0.042707983,0.2489179,0.21549061,0.08345424107142857,1047.383024611252,1167.2450077724618,23.10583293524766,2117.410714285714
data_preprocessed\train\buka\buka48k-buka_90.wav.wav,buka,0.03935071,0.23384063,0.20272991,0.0838470458984375,1044.0762678980236,1169.1495815699527,23.010848402812957,2106.93359375
data_preprocessed\train\buka\buka48k-buka_91.wav.wav,buka,0.03195806,0.15248086,0.12767063,0.10597581129807693,964.9420386949199,1108.4918499799683,20.88304211719239,1756.610576923077
data_preprocessed\train\buka\buka48k-buka_92.wav.wav,buka,0.032147676,0.15245734,0.12771973,0.09865159254807693,960.4735097609243,1099.4404598062536,20.996425136758827,1751.5024038461538
data_preprocessed\train\buka\buka48k-buka_93.wav.wav,buka,0.03196865,0.152476,0.12767035,0.10601337139423077,964.2624347844271,1107.183260903495,20.790144819414206,1755.4086538461538
data_preprocessed\train\buka\buka48k-buka_94.wav.wav,buka,0.032172676,0.15246809,0.12773623,0.09835111177884616,960.2191729705471,1098.9153198681693,20.938363018523322,1751.201923076923
data_preprocessed\train\buka\buka48k-buka_95.wav.wav,buka,0.039474793,0.23385891,0.20278502,0.076568603515625,1041.8318752166429,1163.2912044929676,22.991425671620185,2105.224609375
data_preprocessed\train\buka\buka48k-buka_96.wav.wav,buka,0.03948965,0.23386897,0.20279795,0.07672119140625,1041.6596343660071,1162.9356169967073,23.060853367322686,2104.736328125
data_preprocessed\train\buka\buka48k-buka_97.wav.wav,buka,0.0320379,0.15239921,0.12763613,0.10195688100961539,961.9100219162776,1102.2835660857445,20.81323667010946,1753.3052884615386
data_preprocessed\train\buka\buka48k-buka_98.wav.wav,buka,0.030649077,0.14891902,0.12344843,0.10255940755208333,967.9664165650398,1099.9202842641105,20.80121466545206,1755.2083333333333
data_preprocessed\train\buka\buka48k-buka_99.wav.wav,buka,0.03037689,0.14883995,0.12329372,0.11228434244791667,974.2244403919731,1113.6876719425832,20.637988728476767,1761.3932291666667
data_preprocessed\train\tutup\tutup48k-tutup_0.wav.wav,tutup,0.023932984,0.14225064,0.1269324,0.16149259868421054,1765.5242205497325,1410.2402818698454,20.059563837524557,3140.2138157894738
data_preprocessed\train\tutup\tutup48k-tutup_1.wav.wav,tutup,0.02528597,0.15343815,0.13539942,0.1771389100609756,1815.0077670804546,1365.2146426550435,21.422856434482018,3143.8643292682927
data_preprocessed\train\tutup\tutup48k-tutup_10.wav.wav,tutup,0.025407488,0.15346897,0.13546051,0.17341129954268292,1813.2063841806387,1362.1514001063506,21.405001365804967,3142.1493902439024
data_preprocessed\train\tutup\tutup48k-tutup_100.wav.wav,tutup,0.024926197,0.15137991,0.13346994,0.17987985321969696,1844.7090090262768,1397.7862176856554,21.11904247045564,3279.119318181818
data_preprocessed\train\tutup\tutup48k-tutup_101.wav.wav,tutup,0.025112612,0.15143716,0.1335709,0.17533735795454544,1842.6568426771998,1394.9918940454297,21.186101305376006,3276.751893939394
data_preprocessed\train\tutup\tutup48k-tutup_102.wav.wav,tutup,0.025151046,0.14015287,0.12326605,0.15171875,1522.1132480789463,1299.4291228547534,20.22810488901481,2779.6875
data_preprocessed\train\tutup\tutup48k-tutup_103.wav.wav,tutup,0.025096886,0.1514222,0.13355392,0.17539654356060605,1842.6766276324358,1395.0126172161415,21.15768949800761,3276.751893939394
data_preprocessed\train\tutup\tutup48k-tutup_104.wav.wav,tutup,0.025146252,0.14015076,0.12326308,0.151640625,1522.1093021048075,1299.4365231650886,20.07157421161862,2780.0
data_preprocessed\train\tutup\tutup48k-tutup_105.wav.wav,tutup,0.025051737,0.140141,0.123229675,0.15224609375,1522.7309231314223,1301.1010232892652,20.14402899394776,2780.625
data_preprocessed\train\tutup\tutup48k-tutup_106.wav.wav,tutup,0.025041467,0.14012621,0.12321523,0.15322265625,1523.17381565393,1301.7830677902691,20.129269186041686,2780.9375
data_preprocessed\train\tutup\tutup48k-tutup_107.wav.wav,tutup,0.025116855,0.14014307,0.123248726,0.15234375,1522.1922327563102,1299.615272931812,20.22396343723957,2779.6875
data_preprocessed\train\tutup\tutup48k-tutup_108.wav.wav,tutup,0.025116313,0.15143624,0.13357127,0.17521898674242425,1842.5929817595597,1394.9313788637476,21.21655484488292,3276.751893939394
data_preprocessed\train\tutup\tutup48k-tutup_109.wav.wav,tutup,0.024512015,0.14753473,0.13119793,0.172412109375,1861.9540769415037,1415.3874210977842,20.93152411531044,3325.5208333333335
data_preprocessed\train\tutup\tutup48k-tutup_11.wav.wav,tutup,0.025334667,0.15343902,0.13541476,0.17542397103658536,1814.3698429482147,1363.98504233022,21.48244019848589,3143.1021341463415
data_preprocessed\train\tutup\tutup48k-tutup_110.wav.wav,tutup,0.025981514,0.14539784,0.1280218,0.14964758831521738,1521.8618134770159,1308.4113849131263,19.78943741840591,2781.929347826087
data_preprocessed\train\tutup\tutup48k-tutup_111.wav.wav,tutup,0.024597427,0.14757812,0.13125867,0.173193359375,1860.9736326196,1413.945157220431,20.94650478315971,3325.0
data_preprocessed\train\tutup\tutup48k-tutup_112.wav.wav,tutup,0.02597732,0.1453856,0.12801078,0.1497749660326087,1521.9342068745107,1308.4612707777158,19.85807429594818,2782.2690217391305
data_preprocessed\train\tutup\tutup48k-tutup_113.wav.wav,tutup,0.025851132,0.14534333,0.12794238,0.1510275135869565,1523.022215860104,1310.8414608613714,19.891146650828784,2783.288043478261
data_preprocessed\train\tutup\tutup48k-tutup_114.wav.wav,tutup,0.025939608,0.14540856,0.12801959,0.15041185461956522,1522.0451600423983,1308.8362108337408,19.905024149784385,2782.2690217391305
data_preprocessed\train\tutup\tutup48k-tutup_115.wav.wav,tutup,0.026066171,0.14541566,0.12805937,0.14935037364130435,1521.281111805172,1307.2391833872516,19.784286670439474,2782.608695652174
data_preprocessed\train\tutup\tutup48k-tutup_116.wav.wav,tutup,0.024263375,0.14747588,0.13107911,0.18055013020833333,1865.6648884408166,1420.9144399235431,20.932622670316302,3329.6875
data_preprocessed\train\tutup\tutup48k-tutup_117.wav.wav,tutup,0.024078827,0.14731905,0.13089606,0.18585611979166666,1868.5349349299418,1425.2353908654816,20.81472658544895,3334.1145833333335
data_preprocessed\train\tutup\tutup48k-tutup_118.wav.wav,tutup,0.024656778,0.14760886,0.13130094,0.17166341145833333,1860.7226469089956,1413.7399273946,20.969582355085606,3325.2604166666665
data_preprocessed\train\tutup\tutup48k-tutup_119.wav.wav,tutup,0.026068281,0.14542063,0.12806407,0.14935037364130435,1521.2998414115493,1307.3221181082538,19.858734162160864,2782.608695652174
data_preprocessed\train\tutup\tutup48k-tutup_12.wav.wav,tutup,0.025410956,0.15346497,0.13545807,0.1716725419207317,1813.0854007763462,1361.894424629826,21.419842531495146,3141.9588414634145
data_preprocessed\train\tutup\tutup48k-tutup_120.wav.wav,tutup,0.026012557,0.14541154,0.12804163,0.14913807744565216,1521.4638563104768,1307.5961282893677,19.864093796072645,2782.2690217391305
data_preprocessed\train\tutup\tutup48k-tutup_121.wav.wav,tutup,0.024256317,0.14912103,0.13275205,0.1701388888888889,1870.6873954753817,1385.6613746221144,21.143875200927038,3312.2106481481483
data_preprocessed\train\tutup\tutup48k-tutup_122.wav.wav,tutup,0.026018381,0.14118269,0.1250032,0.15552920386904762,1517.9086286695779,1292.1102852091067,20.021971764608516,2722.098214285714
data_preprocessed\train\tutup\tutup48k-tutup_123.wav.wav,tutup,0.026001453,0.14118516,0.12500057,0.15659877232142858,1518.1309750058924,1292.8226738059784,19.959255289928983,2722.098214285714
data_preprocessed\train\tutup\tutup48k-tutup_124.wav.wav,tutup,0.024066992,0.14903086,0.1326258,0.17775245949074073,1875.1020032379422,1394.2775596170134,21.12619992701292,3316.840277777778
data_preprocessed\train\tutup\tutup48k-tutup_125.wav.wav,tutup,0.02596274,0.14116032,0.12496929,0.1563662574404762,1518.3689501154254,1293.4002274281659,19.93779921721177,2722.098214285714
data_preprocessed\train\tutup\tutup48k-tutup_126.wav.wav,tutup,0.026046952,0.14120057,0.12502545,0.15455264136904762,1517.5722805411986,1291.3997463050257,20.005063318181826,2722.470238095238
data_preprocessed\train\tutup\tutup48k-tutup_127.wav.wav,tutup,0.026046952,0.14120057,0.12502545,0.15455264136904762,1517.5722805411986,1291.3997463050257,20.005063318181826,2722.470238095238
data_preprocessed\train\tutup\tutup48k-tutup_128.wav.wav,tutup,0.026052922,0.14120162,0.1250279,0.15473865327380953,1517.637705742219,1291.4996354591065,19.969689711768005,2722.842261904762
data_preprocessed\train\tutup\tutup48k-tutup_129.wav.wav,tutup,0.024338456,0.14913486,0.13278644,0.16764322916666666,1869.3861454843307,1383.4063976976797,21.25191024300748,3310.7638888888887
data_preprocessed\train\tutup\tutup48k-tutup_13.wav.wav,tutup,0.026596015,0.14589475,0.126117,0.162872314453125,1512.5335911178506,1307.159457829196,20.319992544616845,2736.572265625
data_preprocessed\train\tutup\tutup48k-tutup_130.wav.wav,tutup,0.02438777,0.14914535,0.13280761,0.16923466435185186,1868.9886892531915,1382.700422967406,21.218841052454778,3310.474537037037
data_preprocessed\train\tutup\tutup48k-tutup_131.wav.wav,tutup,0.02602995,0.14119461,0.12501566,0.15534319196428573,1517.7845379856524,1292.0341654852916,19.9921506403515,2722.098214285714
data_preprocessed\train\tutup\tutup48k-tutup_132.wav.wav,tutup,0.024400149,0.14915659,0.13282016,0.1693793402777778,1868.827348050615,1382.2814782520886,21.249725020838067,3310.474537037037
data_preprocessed\train\tutup\tutup48k-tutup_133.wav.wav,tutup,0.026060622,0.14119224,0.12502214,0.15525018601190477,1517.5307932335722,1291.270966736259,19.98841078075165,2722.470238095238
data_preprocessed\train\tutup\tutup48k-tutup_134.wav.wav,tutup,0.02497656,0.13622902,0.11882073,0.1443115234375,1512.594594383612,1287.6574673628618,19.824973898556415,2683.59375
data_preprocessed\train\tutup\tutup48k-tutup_135.wav.wav,tutup,0.024430472,0.14355952,0.12789528,0.17291259765625,1806.821305629507,1385.7339221020677,20.947941235046834,3236.0026041666665
data_preprocessed\train\tutup\tutup48k-tutup_136.wav.wav,tutup,0.0247532,0.13622133,0.118755385,0.165673828125,1519.4034762122578,1300.2789620758708,19.624718587840125,2687.5
data_preprocessed\train\tutup\tutup48k-tutup_137.wav.wav,tutup,0.0244067,0.14353262,0.12786502,0.17376708984375,1807.7403567818571,1388.253412631854,20.991270069598706,3237.9557291666665
data_preprocessed\train\tutup\tutup48k-tutup_138.wav.wav,tutup,0.024980012,0.13622144,0.11881526,0.1444091796875,1512.8233396061303,1288.3024054262721,19.82723234408809,2683.984375
data_preprocessed\train\tutup\tutup48k-tutup_139.wav.wav,tutup,0.024922654,0.1362159,0.11879673,0.150048828125,1514.057384738692,1290.5726979897267,19.871562513171888,2683.984375
data_preprocessed\train\tutup\tutup48k-tutup_14.wav.wav,tutup,0.026784183,0.14597061,0.12623617,0.157989501953125,1509.6816472479516,1300.6855305668782,20.485067220675916,2735.595703125
data_preprocessed\train\tutup\tutup48k-tutup_140.wav.wav,tutup,0.02496354,0.13621396,0.118804894,0.1443603515625,1512.8868434053136,1288.157286719565,19.731432824145795,2683.984375
data_preprocessed\train\tutup\tutup48k-tutup_141.wav.wav,tutup,0.024993502,0.13622552,0.118821956,0.1437744140625,1512.5572860349716,1287.7004160577837,19.805115298520377,2683.984375
data_preprocessed\train\tutup\tutup48k-tutup_142.wav.wav,tutup,0.024570016,0.14357385,0.12794523,0.17018636067708334,1803.359213924087,1378.2782018371963,21.014248112855956,3232.7473958333335
data_preprocessed\train\tutup\tutup48k-tutup_143.wav.wav,tutup,0.024633711,0.14357363,0.12796235,0.17087809244791666,1802.097718914377,1375.1186022106087,20.884112619269974,3231.4453125
data_preprocessed\train\tutup\tutup48k-tutup_144.wav.wav,tutup,0.024889896,0.13620387,0.11877762,0.153466796875,1514.8991998811846,1292.4799987256226,19.796737626577073,2685.15625
data_preprocessed\train\tutup\tutup48k-tutup_145.wav.wav,tutup,0.024518194,0.14354555,0.12790777,0.17173258463541666,1804.601155675193,1380.7638290015232,20.97539851534289,3234.0494791666665
data_preprocessed\train\tutup\tutup48k-tutup_146.wav.wav,tutup,0.024570016,0.14357385,0.12794523,0.17018636067708334,1803.359213924087,1378.2782018371963,21.014248112855956,3232.7473958333335
data_preprocessed\train\tutup\tutup48k-tutup_147.wav.wav,tutup,0.024654722,0.14358422,0.127977,0.17008463541666666,1801.7899690825477,1374.2895422668425,21.06141526446831,3231.4453125
data_preprocessed\train\tutup\tutup48k-tutup_148.wav.wav,tutup,0.024067195,0.14369152,0.12713449,0.16813858695652173,1809.368854417514,1396.8762712126315,20.50528037185259,3213.9945652173915
data_preprocessed\train\tutup\tutup48k-tutup_149.wav.wav,tutup,0.020661768,0.12544873,0.1081649,0.16879111842105263,1558.4094751448442,1330.9856481011477,20.004297824319007,2774.6710526315787
data_preprocessed\train\tutup\tutup48k-tutup_15.wav.wav,tutup,0.025312731,0.15342438,0.13539577,0.17517387576219512,1814.4117623486022,1364.169486908529,21.51409801864421,3142.3399390243903
data_preprocessed\train\tutup\tutup48k-tutup_16.wav.wav,tutup,0.025367552,0.15347163,0.13545129,0.1732326600609756,1813.7258648040245,1362.9742889999939,21.422959477467135,3142.3399390243903
data_preprocessed\train\tutup\tutup48k-tutup_17.wav.wav,tutup,0.02645407,0.14588076,0.12606162,0.1666717529296875,1515.7236574158687,1313.442707757246,20.362074180542574,2737.548828125
data_preprocessed\train\tutup\tutup48k-tutup_18.wav.wav,tutup,0.026537212,0.14588304,0.12608911,0.1659393310546875,1513.9800681329389,1310.0677332499322,20.41713321694459,2737.79296875
data_preprocessed\train\tutup\tutup48k-tutup_19.wav.wav,tutup,0.02542775,0.1534669,0.13546449,0.17210127667682926,1813.0027217236564,1361.7972322066528,21.411408958522514,3141.9588414634145
data_preprocessed\train\tutup\tutup48k-tutup_2.wav.wav,tutup,0.02538545,0.15345442,0.13544185,0.17311356707317074,1813.5700862530434,1362.664146004411,21.397250247457915,3142.5304878048782
data_preprocessed\train\tutup\tutup48k-tutup_20.wav.wav,tutup,0.026789857,0.14596462,0.12623288,0.15777587890625,1509.7065038698674,1300.8165357286534,20.458394788139994,2735.595703125
data_preprocessed\train\tutup\tutup48k-tutup_21.wav.wav,tutup,0.026789809,0.14597076,0.12623788,0.15789794921875,1509.7738008747433,1300.962937353251,20.43110646583289,2735.595703125
data_preprocessed\train\tutup\tutup48k-tutup_22.wav.wav,tutup,0.02671202,0.1459479,0.1261953,0.1600799560546875,1510.3133077654795,1302.1170201417442,20.483832648889976,2735.107421875
data_preprocessed\train\tutup\tutup48k-tutup_23.wav.wav,tutup,0.02493229,0.1533302,0.1352038,0.19002477134146342,1823.5796091275329,1379.733635779371,21.517524249966236,3154.1539634146343
data_preprocessed\train\tutup\tutup48k-tutup_24.wav.wav,tutup,0.02672123,0.14594674,0.12619755,0.1597747802734375,1510.1577892456132,1301.9190794128208,20.46825664960403,2735.595703125
data_preprocessed\train\tutup\tutup48k-tutup_25.wav.wav,tutup,0.026755888,0.14595604,0.12621589,0.15826416015625,1509.790432583161,1300.9688975043664,20.442162698110952,2735.3515625
data_preprocessed\train\tutup\tutup48k-tutup_26.wav.wav,tutup,0.025404131,0.15346107,0.13545284,0.17311356707317074,1813.282230011402,1362.2338179892765,21.55828474412264,3142.1493902439024
data_preprocessed\train\tutup\tutup48k-tutup_27.wav.wav,tutup,0.02671202,0.1459479,0.1261953,0.1600799560546875,1510.3133077654795,1302.1170201417442,20.483832648889976,2735.107421875
data_preprocessed\train\tutup\tutup48k-tutup_28.wav.wav,tutup,0.02645407,0.14588076,0.12606162,0.1666717529296875,1515.7236574158687,1313.442707757246,20.362074180542574,2737.548828125
data_preprocessed\train\tutup\tutup48k-tutup_29.wav.wav,tutup,0.02528597,0.15343815,0.13539942,0.1771389100609756,1815.0077670804546,1365.2146426550435,21.422856434482018,3143.8643292682927
data_preprocessed\train\tutup\tutup48k-tutup_3.wav.wav,tutup,0.02658395,0.14588472,0.12610419,0.1640167236328125,1512.5866941587176,1307.4042172281145,20.442343761532666,2736.572265625
data_preprocessed\train\tutup\tutup48k-tutup_30.wav.wav,tutup,0.02674019,0.14593482,0.12619388,0.1600494384765625,1509.9120769306596,1301.3125281091272,20.539459713738346,2735.595703125
data_preprocessed\train\tutup\tutup48k-tutup_31.wav.wav,tutup,0.025198286,0.15347013,0.13540064,0.18093797637195122,1817.0536394328171,1368.9870133677534,21.522115411281124,3145.388719512195
data_preprocessed\train\tutup\tutup48k-tutup_32.wav.wav,tutup,0.026699366,0.145941,0.12618625,0.1614227294921875,1510.4938425534015,1302.8801938695688,20.45108220571424,2735.83984375
data_preprocessed\train\tutup\tutup48k-tutup_33.wav.wav,tutup,0.02540893,0.15346521,0.13545783,0.17317311356707318,1813.226532167333,1362.0843500990088,21.499067541505944,3142.1493902439024
data_preprocessed\train\tutup\tutup48k-tutup_34.wav.wav,tutup,0.025402188,0.15345803,0.1354497,0.17299447408536586,1813.3928159168254,1362.366427868962,21.47566284662933,3142.5304878048782
data_preprocessed\train\tutup\tutup48k-tutup_35.wav.wav,tutup,0.026728017,0.14595057,0.1262028,0.1598358154296875,1510.0047332131444,1301.5178471543977,20.583315990523463,2735.595703125
data_preprocessed\train\tutup\tutup48k-tutup_36.wav.wav,tutup,0.026739487,0.14596272,0.12621588,0.159698486328125,1510.2914818710133,1302.1552136078908,20.440177317537113,2735.83984375
data_preprocessed\train\tutup\tutup48k-tutup_37.wav.wav,tutup,0.025200361,0.15344587,0.13538097,0.17950886051829268,1816.8560205284782,1368.7941650076866,21.504734846943606,3144.817073170732
data_preprocessed\train\tutup\tutup48k-tutup_38.wav.wav,tutup,0.026574709,0.14592157,0.12613219,0.164276123046875,1513.2751910304255,1308.25754377955,20.349415180689714,2737.3046875
data_preprocessed\train\tutup\tutup48k-tutup_39.wav.wav,tutup,0.026784921,0.14596903,0.12623475,0.15765380859375,1509.6422365619335,1300.6593759085972,20.515333041793117,2735.3515625
data_preprocessed\train\tutup\tutup48k-tutup_4.wav.wav,tutup,0.025068376,0.15339307,0.13529794,0.18445121951219512,1819.980449406613,1373.7091041278304,21.498163004382516,3148.4375
data_preprocessed\train\tutup\tutup48k-tutup_40.wav.wav,tutup,0.025173724,0.15343662,0.13536593,0.18078315548780488,1817.1966432836418,1368.866159403346,21.501920982258223,3144.817073170732
data_preprocessed\train\tutup\tutup48k-tutup_41.wav.wav,tutup,0.025179917,0.1533962,0.13533239,0.18054496951219512,1817.200481609369,1369.1940842794952,21.54175897729592,3146.1509146341464
data_preprocessed\train\tutup\tutup48k-tutup_42.wav.wav,tutup,0.026758675,0.14596447,0.12622336,0.15814208984375,1509.895835410356,1301.155396985699,20.47980004668,2735.83984375
data_preprocessed\train\tutup\tutup48k-tutup_43.wav.wav,tutup,0.02531797,0.1534193,0.13539332,0.17556688262195122,1814.384702718619,1363.9900601262702,21.396607544022316,3142.9115853658536
data_preprocessed\train\tutup\tutup48k-tutup_44.wav.wav,tutup,0.026767483,0.14596285,0.12622477,0.158172607421875,1509.791929932845,1300.9628339333099,20.470404524071423,2735.3515625
data_preprocessed\train\tutup\tutup48k-tutup_45.wav.wav,tutup,0.026694238,0.14593333,0.12617832,0.1612548828125,1510.578432135252,1302.7845212595496,20.41863247404803,2736.083984375
data_preprocessed\train\tutup\tutup48k-tutup_46.wav.wav,tutup,0.025271494,0.15342288,0.13538162,0.1765672637195122,1815.3321636257556,1365.8726531758605,21.443461238237074,3143.673780487805
data_preprocessed\train\tutup\tutup48k-tutup_47.wav.wav,tutup,0.026760979,0.14595819,0.12621897,0.157958984375,1509.7526396073733,1300.9512100804777,20.43202623849849,2735.3515625
data_preprocessed\train\tutup\tutup48k-tutup_48.wav.wav,tutup,0.025432047,0.15347357,0.13547151,0.17188690929878048,1812.9961633943128,1361.7917073847852,21.436045900017895,3142.1493902439024
data_preprocessed\train\tutup\tutup48k-tutup_49.wav.wav,tutup,0.025290335,0.15342778,0.13539112,0.17554306402439024,1815.033154743178,1365.2658390988342,21.423710422834272,3143.673780487805
data_preprocessed\train\tutup\tutup48k-tutup_5.wav.wav,tutup,0.026765613,0.14596127,0.12622297,0.157806396484375,1509.8878008677102,1301.1548428854408,20.535755931045433,2735.3515625
data_preprocessed\train\tutup\tutup48k-tutup_50.wav.wav,tutup,0.025146281,0.15343872,0.1353595,0.18168826219512196,1818.4345111905113,1371.4887337229788,21.409302516431367,3145.9603658536585
data_preprocessed\train\tutup\tutup48k-tutup_51.wav.wav,tutup,0.026789961,0.14597003,0.12623735,0.157867431640625,1509.7079697397494,1300.785244176985,20.490827789300397,2735.595703125
data_preprocessed\train\tutup\tutup48k-tutup_52.wav.wav,tutup,0.02523883,0.15340608,0.13535863,0.1778296493902439,1816.2125205799048,1367.3266007871955,21.416649578141048,3144.435975609756
data_preprocessed\train\tutup\tutup48k-tutup_53.wav.wav,tutup,0.025285667,0.1534809,0.13543525,0.17671017530487804,1815.3028791489587,1365.7422838491354,21.43785176056934,3143.673780487805
data_preprocessed\train\tutup\tutup48k-tutup_54.wav.wav,tutup,0.026577655,0.14590067,0.12611654,0.163299560546875,1513.1069625652904,1308.1352076396734,20.41812337764735,2736.572265625
data_preprocessed\train\tutup\tutup48k-tutup_55.wav.wav,tutup,0.02536785,0.15346049,0.13544185,0.17291110899390244,1813.724175483859,1362.8861152902477,21.42362126868928,3142.3399390243903
data_preprocessed\train\tutup\tutup48k-tutup_56.wav.wav,tutup,0.026638549,0.1459137,0.12614562,0.162139892578125,1511.2813069769427,1304.388992183122,20.374448020423085,2736.083984375
data_preprocessed\train\tutup\tutup48k-tutup_57.wav.wav,tutup,0.02542172,0.15348168,0.13547534,0.17179163490853658,1813.1251895583625,1361.9712383842493,21.411513386968405,3142.3399390243903
data_preprocessed\train\tutup\tutup48k-tutup_58.wav.wav,tutup,0.026791286,0.14596991,0.12623765,0.158111572265625,1509.7485818285834,1300.9400964447852,20.5354781908994,2735.595703125
data_preprocessed\train\tutup\tutup48k-tutup_59.wav.wav,tutup,0.025201553,0.15338102,0.13532679,0.18005668826219512,1816.856956600147,1368.4395462737118,21.433240183417585,3144.626524390244
data_preprocessed\train\tutup\tutup48k-tutup_6.wav.wav,tutup,0.026542148,0.1459291,0.12612768,0.1652374267578125,1513.7348786964544,1309.4610071725622,20.337268102854754,2737.3046875
data_preprocessed\train\tutup\tutup48k-tutup_60.wav.wav,tutup,0.026789961,0.14597003,0.12623735,0.157867431640625,1509.7079697397494,1300.785244176985,20.490827789300397,2735.595703125
data_preprocessed\train\tutup\tutup48k-tutup_61.wav.wav,tutup,0.025179917,0.1533962,0.13533239,0.18054496951219512,1817.200481609369,1369.1940842794952,21.54175897729592,3146.1509146341464
data_preprocessed\train\tutup\tutup48k-tutup_62.wav.wav,tutup,0.025424827,0.15347292,0.13546886,0.17180354420731708,1813.0728250090715,1361.8977574981434,21.45065143306165,3142.1493902439024
data_preprocessed\train\tutup\tutup48k-tutup_63.wav.wav,tutup,0.026751807,0.14595151,0.12621091,0.158050537109375,1510.0201971516935,1301.5578914801029,20.49399012165109,2735.3515625
data_preprocessed\train\tutup\tutup48k-tutup_64.wav.wav,tutup,0.026574709,0.14592157,0.12613219,0.164276123046875,1513.2751910304255,1308.25754377955,20.349415180689714,2737.3046875
data_preprocessed\train\tutup\tutup48k-tutup_65.wav.wav,tutup,0.025393715,0.15346931,0.13545696,0.17276819740853658,1813.4292256816077,1362.421078969795,21.397717199771094,3142.3399390243903
data_preprocessed\train\tutup\tutup48k-tutup_66.wav.wav,tutup,0.025179917,0.1533962,0.13533239,0.18054496951219512,1817.200481609369,1369.1940842794952,21.54175897729592,3146.1509146341464
data_preprocessed\train\tutup\tutup48k-tutup_67.wav.wav,tutup,0.026787037,0.14596425,0.1262317,0.158111572265625,1509.682269012742,1300.7623815238076,20.485059940976182,2735.3515625
data_preprocessed\train\tutup\tutup48k-tutup_68.wav.wav,tutup,0.026752517,0.1459494,0.1262092,0.158050537109375,1509.7414580025884,1300.8471860775758,20.512093589561207,2735.107421875
data_preprocessed\train\tutup\tutup48k-tutup_69.wav.wav,tutup,0.026751718,0.14596117,0.12621862,0.15802001953125,1509.8839006464368,1301.1982176112908,20.457606447003148,2735.107421875
data_preprocessed\train\tutup\tutup48k-tutup_7.wav.wav,tutup,0.026777513,0.14595777,0.12622382,0.1580810546875,1509.7706956376314,1300.867115432754,20.53466360913539,2735.595703125
data_preprocessed\train\tutup\tutup48k-tutup_70.wav.wav,tutup,0.026611462,0.14592528,0.12614667,0.162628173828125,1512.5258263346705,1307.4985886760596,20.304222049987224,2736.572265625
data_preprocessed\train\tutup\tutup48k-tutup_71.wav.wav,tutup,0.026611462,0.14592528,0.12614667,0.162628173828125,1512.5258263346705,1307.4985886760596,20.304222049987224,2736.572265625
data_preprocessed\train\tutup\tutup48k-tutup_72.wav.wav,tutup,0.025419015,0.15346958,0.13546433,0.171875,1813.130500832047,1361.969965736855,21.396086382690168,3142.1493902439024
data_preprocessed\train\tutup\tutup48k-tutup_73.wav.wav,tutup,0.026404228,0.14589952,0.12606218,0.1702117919921875,1517.7973478386318,1317.9121753191357,20.22606641718022,2740.72265625
data_preprocessed\train\tutup\tutup48k-tutup_74.wav.wav,tutup,0.026651524,0.14593141,0.12616363,0.1623992919921875,1511.122081958569,1303.9960978607542,20.366011662316215,2736.083984375
data_preprocessed\train\tutup\tutup48k-tutup_75.wav.wav,tutup,0.026743207,0.14596482,0.12621883,0.1600341796875,1510.0938643169,1301.7628037731367,20.48990060701818,2735.83984375
data_preprocessed\train\tutup\tutup48k-tutup_76.wav.wav,tutup,0.025179917,0.1533962,0.13533239,0.18054496951219512,1817.200481609369,1369.1940842794952,21.54175897729592,3146.1509146341464
data_preprocessed\train\tutup\tutup48k-tutup_77.wav.wav,tutup,0.025227904,0.15338951,0.13534042,0.17885384908536586,1816.2056151663976,1367.35884912566,21.487455348718104,3144.626524390244
data_preprocessed\train\tutup\tutup48k-tutup_78.wav.wav,tutup,0.02540893,0.15346521,0.13545783,0.17317311356707318,1813.226532167333,1362.0843500990088,21.499067541505944,3142.1493902439024
data_preprocessed\train\tutup\tutup48k-tutup_79.wav.wav,tutup,0.026601588,0.145909,0.12612952,0.1627960205078125,1512.1870277211103,1306.264629517654,20.393299354045563,2736.81640625
data_preprocessed\train\tutup\tutup48k-tutup_8.wav.wav,tutup,0.025200361,0.15344587,0.13538097,0.17950886051829268,1816.8560205284782,1368.7941650076866,21.504734846943606,3144.817073170732
data_preprocessed\train\tutup\tutup48k-tutup_80.wav.wav,tutup,0.0266709,0.14596227,0.12619442,0.161529541015625,1511.0619575530707,1303.8321836271953,20.51881860049803,2736.083984375
data_preprocessed\train\tutup\tutup48k-tutup_81.wav.wav,tutup,0.026776275,0.14596723,0.12623107,0.15814208984375,1509.7142195681583,1300.7548542584705,20.448589210382384,2735.3515625
data_preprocessed\train\tutup\tutup48k-tutup_82.wav.wav,tutup,0.025264045,0.15345548,0.13540696,0.1773532774390244,1815.712490667276,1366.2517829068202,21.447420017617706,3143.8643292682927
data_preprocessed\train\tutup\tutup48k-tutup_83.wav.wav,tutup,0.024427462,0.15303059,0.13480502,0.2038991044207317,1839.728978562375,1406.1004091656584,21.445845231746254,3176.638719512195
data_preprocessed\train\tutup\tutup48k-tutup_84.wav.wav,tutup,0.02538545,0.15345442,0.13544185,0.17311356707317074,1813.5700862530434,1362.664146004411,21.397250247457915,3142.5304878048782
data_preprocessed\train\tutup\tutup48k-tutup_85.wav.wav,tutup,0.02674019,0.14593482,0.12619388,0.1600494384765625,1509.9120769306596,1301.3125281091272,20.539459713738346,2735.595703125
data_preprocessed\train\tutup\tutup48k-tutup_86.wav.wav,tutup,0.026601588,0.145909,0.12612952,0.1627960205078125,1512.1870277211103,1306.264629517654,20.393299354045563,2736.81640625
data_preprocessed\train\tutup\tutup48k-tutup_87.wav.wav,tutup,0.025201553,0.15338102,0.13532679,0.18005668826219512,1816.856956600147,1368.4395462737118,21.433240183417585,3144.626524390244
data_preprocessed\train\tutup\tutup48k-tutup_88.wav.wav,tutup,0.024749206,0.14839704,0.13149054,0.17301432291666666,1815.929941828683,1361.1652115524857,21.556415256634764,3195.746527777778
data_preprocessed\train\tutup\tutup48k-tutup_89.wav.wav,tutup,0.024687257,0.14837255,0.13145226,0.173828125,1816.685598651261,1362.2613810591329,21.539857758501327,3197.0486111111113
data_preprocessed\train\tutup\tutup48k-tutup_9.wav.wav,tutup,0.02538545,0.15345442,0.13544185,0.17311356707317074,1813.5700862530434,1362.664146004411,21.397250247457915,3142.5304878048782
data_preprocessed\train\tutup\tutup48k-tutup_90.wav.wav,tutup,0.025708433,0.14140515,0.123841226,0.14657156808035715,1506.8126537937744,1285.5553312396135,20.320057947572057,2717.6339285714284
data_preprocessed\train\tutup\tutup48k-tutup_91.wav.wav,tutup,0.024517763,0.14836189,0.13139409,0.17955186631944445,1819.361331400059,1366.8657040886078,21.559304166819135,3199.4357638888887
data_preprocessed\train\tutup\tutup48k-tutup_92.wav.wav,tutup,0.025695791,0.14139882,0.12383192,0.1466064453125,1506.9272341866795,1285.8214829044734,20.269691083190313,2717.6339285714284
data_preprocessed\train\tutup\tutup48k-tutup_93.wav.wav,tutup,0.024423413,0.14829245,0.1313098,0.18355305989583334,1821.77493104592,1370.6003392305795,21.46714592926166,3201.171875
data_preprocessed\train\tutup\tutup48k-tutup_94.wav.wav,tutup,0.02462551,0.14836292,0.13142605,0.1758355034722222,1817.610190859456,1363.9138634726125,21.52463146473259,3197.4826388888887
data_preprocessed\train\tutup\tutup48k-tutup_95.wav.wav,tutup,0.025739944,0.14139833,0.12384415,0.14615304129464285,1506.620468777379,1285.2088901268912,20.311134936715618,2717.354910714286
data_preprocessed\train\tutup\tutup48k-tutup_96.wav.wav,tutup,0.02566006,0.14139691,0.123819835,0.14760044642857142,1507.4559450797533,1287.0055079016552,20.23362301400821,2717.6339285714284
data_preprocessed\train\tutup\tutup48k-tutup_97.wav.wav,tutup,0.02569206,0.14138065,0.12381581,0.14699009486607142,1506.8718679517408,1285.7623737493777,20.29805338951962,2717.354910714286
data_preprocessed\train\tutup\tutup48k-tutup_98.wav.wav,tutup,0.024873825,0.15136652,0.13344233,0.18289831912878787,1845.5571841250417,1399.4343182870816,21.237866880824214,3280.3030303030305
data_preprocessed\train\tutup\tutup48k-tutup_99.wav.wav,tutup,0.02516418,0.14015506,0.12327179,0.151484375,1522.1007746441123,1299.3939429010265,20.140026893218806,2780.0
data_preprocessed\val\buka\buka48k-buka_150.wav.wav,buka,0.039856106,0.24476613,0.21278983,0.08684430803571429,1018.48488967489,1175.1996439732818,22.330473926100982,2017.1130952380952
data_preprocessed\val\buka\buka48k-buka_151.wav.wav,buka,0.030731611,0.15072513,0.12558615,0.10098805147058823,950.0435800861751,1113.0414335679927,20.95699821207512,1799.6323529411766
data_preprocessed\val\buka\buka48k-buka_152.wav.wav,buka,0.030474618,0.15068962,0.12547603,0.11382697610294118,958.0371336976654,1129.0120611849757,20.954373959056248,1817.5551470588234
data_preprocessed\val\buka\buka48k-buka_153.wav.wav,buka,0.03968656,0.24479355,0.21276122,0.07982235863095238,1022.2515583351405,1182.1429943374521,22.239458510201327,2026.0416666666667
data_preprocessed\val\buka\buka48k-buka_154.wav.wav,buka,0.039791405,0.24479432,0.21279323,0.08191499255952381,1019.7321744944642,1177.866712077342,22.36973295123856,2020.4613095238096
data_preprocessed\val\buka\buka48k-buka_155.wav.wav,buka,0.039580368,0.24500243,0.2128966,0.08103143601190477,1027.2566221797958,1191.9389421468168,22.189292298351287,2040.1785714285713
data_preprocessed\val\buka\buka48k-buka_156.wav.wav,buka,0.039941996,0.24481553,0.21285598,0.0934477306547619,1017.0765657403667,1172.58417785366,22.31968282832844,2014.8809523809523
data_preprocessed\val\buka\buka48k-buka_157.wav.wav,buka,0.039881904,0.24479878,0.21282499,0.08651878720238096,1017.702531149006,1173.9367166055672,22.351410431165192,2014.8809523809523
data_preprocessed\val\buka\buka48k-buka_158.wav.wav,buka,0.030752882,0.1507358,0.12560128,0.10072954963235294,949.7619034255847,1112.587858745423,21.04362039052724,1798.7132352941176
data_preprocessed\val\buka\buka48k-buka_159.wav.wav,buka,0.038251154,0.24435027,0.21192859,0.11228143601190477,1089.7989328063134,1289.5019265065912,22.25729755490556,2255.5803571428573
data_preprocessed\val\buka\buka48k-buka_160.wav.wav,buka,0.03984141,0.24479578,0.2128103,0.08791387648809523,1018.5568226115046,1175.443319809357,22.262627175072396,2017.1130952380952
data_preprocessed\val\buka\buka48k-buka_161.wav.wav,buka,0.03987236,0.24479741,0.21282148,0.08679780505952381,1017.6606900983128,1173.7755809609862,22.362086906566287,2014.8809523809523
data_preprocessed\val\buka\buka48k-buka_162.wav.wav,buka,0.03977228,0.24477014,0.21276794,0.08228701636904762,1020.1025669428153,1178.4645902124303,22.355689349503056,2021.205357142857
data_preprocessed\val\buka\buka48k-buka_163.wav.wav,buka,0.030698296,0.15071455,0.12556808,0.10205078125,950.5291637450056,1113.9260058140699,21.030566497980423,1800.0919117647059
data_preprocessed\val\buka\buka48k-buka_164.wav.wav,buka,0.030266948,0.15066494,0.12538737,0.1298540900735294,968.9931952788427,1149.859498615996,20.74803588858997,1835.4779411764705
data_preprocessed\val\buka\buka48k-buka_165.wav.wav,buka,0.026278714,0.15465048,0.12840322,0.10089111328125,938.6572242014023,1112.879962171965,20.975121845388284,1731.4453125
data_preprocessed\val\buka\buka48k-buka_166.wav.wav,buka,0.026172388,0.15462875,0.12835729,0.1068115234375,940.0753440313573,1116.202107177854,20.86152766701185,1733.88671875
data_preprocessed\val\buka\buka48k-buka_167.wav.wav,buka,0.042906635,0.25364837,0.22356378,0.07929144965277778,1008.3332392299247,1154.5696745466803,22.3945733580754,1935.763888888889
data_preprocessed\val\buka\buka48k-buka_168.wav.wav,buka,0.026153414,0.15465027,0.12836912,0.1077880859375,941.2998771801135,1118.4238596039572,20.774939760015542,1736.81640625
data_preprocessed\val\buka\buka48k-buka_169.wav.wav,buka,0.042754117,0.25360298,0.22348195,0.08094618055555555,1009.7910714895653,1157.1300353520382,22.481016072805,1938.8020833333333
data_preprocessed\val\buka\buka48k-buka_170.wav.wav,buka,0.042682383,0.25369197,0.22353551,0.08094618055555555,1010.7718882137874,1159.3939465929445,22.485830777353993,1943.576388888889
data_preprocessed\val\buka\buka48k-buka_171.wav.wav,buka,0.042820066,0.25365794,0.22354786,0.08048502604166667,1008.7818476743677,1155.3714152875257,22.43484647433125,1935.763888888889
data_preprocessed\val\buka\buka48k-buka_172.wav.wav,buka,0.042526238,0.25363106,0.22343598,0.08311631944444445,1015.7382726333789,1168.8650499736887,22.402123837625574,1955.295138888889
data_preprocessed\val\buka\buka48k-buka_173.wav.wav,buka,0.042774085,0.2536848,0.22355726,0.080810546875,1009.9690399216792,1157.6462523868313,22.329149184888593,1938.8020833333333
data_preprocessed\val\buka\buka48k-buka_174.wav.wav,buka,0.026013609,0.15467826,0.1283528,0.1170654296875,949.037458008454,1133.2466147162563,20.54692990336525,1748.53515625
data_preprocessed\val\buka\buka48k-buka_175.wav.wav,buka,0.026164114,0.15464607,0.12836942,0.10638427734375,940.0871802791045,1115.7442706228494,20.728355851941814,1733.88671875
data_preprocessed\val\buka\buka48k-buka_176.wav.wav,buka,0.042843543,0.25369346,0.22358298,0.08048502604166667,1008.974955964018,1155.6107500742432,22.464104034701155,1936.6319444444443
data_preprocessed\val\buka\buka48k-buka_177.wav.wav,buka,0.026270049,0.15466063,0.12840937,0.10028076171875,938.9578786459849,1113.391722280926,20.763470806679972,1732.421875
data_preprocessed\val\buka\buka48k-buka_178.wav.wav,buka,0.042638987,0.25358263,0.2234319,0.08143446180555555,1011.7851660533684,1161.9000094745547,22.449883244835814,1945.7465277777778
data_preprocessed\val\buka\buka48k-buka_179.wav.wav,buka,0.026110927,0.1545742,0.12829635,0.1103515625,941.9823793184565,1120.2465520436663,20.860772920987852,1737.3046875
data_preprocessed\val\buka\buka48k-buka_180.wav.wav,buka,0.026248371,0.15463625,0.12838429,0.10101318359375,939.0376478768165,1113.6164411745945,20.857952613684347,1731.4453125
data_preprocessed\val\buka\buka48k-buka_181.wav.wav,buka,0.042870805,0.25364926,0.22355413,0.0801052517361111,1008.2806833121354,1154.5111532523129,22.37877963444502,1934.0277777777778
data_preprocessed\val\buka\buka48k-buka_182.wav.wav,buka,0.04023607,0.2523092,0.22159453,0.1270073784722222,1111.8213920441071,1317.8850558368176,22.15332001022814,2257.378472222222
data_preprocessed\val\buka\buka48k-buka_183.wav.wav,buka,0.028002547,0.15586555,0.1294603,0.12464192708333334,926.9801594338659,1117.2623229485398,20.707832879119493,1715.1041666666667
data_preprocessed\val\buka\buka48k-buka_184.wav.wav,buka,0.027961347,0.15585078,0.12943543,0.1267578125,929.477764447543,1122.2701262080539,20.63126426852496,1722.3958333333333
data_preprocessed\val\buka\buka48k-buka_185.wav.wav,buka,0.027656883,0.15579867,0.12930349,0.15029296875,948.2178849381187,1158.3398033764286,20.613800591485152,1754.6875
data_preprocessed\val\buka\buka48k-buka_186.wav.wav,buka,0.028096765,0.1558347,0.1294619,0.11689453125,921.048103150744,1105.535632114756,20.661368556443165,1706.25
data_preprocessed\val\buka\buka48k-buka_187.wav.wav,buka,0.038089298,0.22987787,0.20223409,0.08579388786764706,988.0440953639103,1159.738112326056,22.451503453794682,1952.6654411764705
data_preprocessed\val\buka\buka48k-buka_188.wav.wav,buka,0.038110215,0.22986114,0.20222634,0.08622472426470588,987.3496363853604,1158.6913509916794,22.36326140121395,1950.3676470588234
data_preprocessed\val\buka\buka48k-buka_189.wav.wav,buka,0.038045257,0.22987995,0.2022233,0.08048023897058823,989.093175236516,1161.8655545014499,22.251660439061588,1954.5036764705883
data_preprocessed\val\buka\buka48k-buka_190.wav.wav,buka,0.037793536,0.2297858,0.20207025,0.07723460477941177,998.052344993735,1177.2197144775082,22.52958369035417,1987.5919117647059
data_preprocessed\val\buka\buka48k-buka_191.wav.wav,buka,0.037998274,0.22986309,0.20219524,0.08157169117647059,990.5353180136575,1164.536857708337,22.333606692207628,1956.8014705882354
data_preprocessed\val\buka\buka48k-buka_192.wav.wav,buka,0.038103778,0.22986628,0.20222856,0.08613855698529412,987.1855622036215,1158.4588691368751,22.340402836021084,1948.9889705882354
data_preprocessed\val\buka\buka48k-buka_193.wav.wav,buka,0.037947387,0.22984968,0.20216851,0.07709099264705882,991.4105156638492,1166.4418819457214,22.354414967933838,1959.0992647058824
data_preprocessed\val\buka\buka48k-buka_194.wav.wav,buka,0.038086947,0.22985314,0.20221303,0.08596622242647059,988.0395086368292,1159.9476769625137,22.387596436825874,1952.2058823529412
data_preprocessed\val\buka\buka48k-buka_195.wav.wav,buka,0.037671458,0.22984214,0.20207785,0.07990579044117647,1003.6152746692819,1187.678512537933,22.296317751071914,1998.1617647058824
data_preprocessed\val\buka\buka48k-buka_196.wav.wav,buka,0.03810899,0.22985274,0.20221874,0.08622472426470588,987.410719991266,1158.7730306311114,22.36582912298828,1951.2867647058824
data_preprocessed\val\buka\buka48k-buka_197.wav.wav,buka,0.027978476,0.15575777,0.12936755,0.124609375,927.445690287769,1119.1303722317425,20.594456433568823,1715.1041666666667
data_preprocessed\val\buka\buka48k-buka_198.wav.wav,buka,0.037459306,0.22966838,0.20186873,0.08573644301470588,1016.9695045011712,1206.5158807920627,22.15947809569834,2045.4963235294117
data_preprocessed\val\buka\buka48k-buka_199.wav.wav,buka,0.03806097,0.22986028,0.20221163,0.08148552389705882,988.8337990548237,1161.4638083597815,22.492709639498624,1954.9632352941176
data_preprocessed\val\tutup\tutup48k-tutup_150.wav.wav,tutup,0.020585533,0.12541926,0.10812241,0.16717208059210525,1564.4737969589069,1339.7586148001992,20.095944676751643,2795.6414473684213
data_preprocessed\val\tutup\tutup48k-tutup_151.wav.wav,tutup,0.024008296,0.14367326,0.12710345,0.16385020380434784,1810.27049797812,1398.6097210607502,20.584132324046095,3214.6739130434785
data_preprocessed\val\tutup\tutup48k-tutup_152.wav.wav,tutup,0.020597674,0.12544058,0.108143315,0.16539884868421054,1565.2542803220165,1339.9579015878744,19.961399263491494,2798.1085526315787
data_preprocessed\val\tutup\tutup48k-tutup_153.wav.wav,tutup,0.02378155,0.1436101,0.12698679,0.16435971467391305,1815.4625325813565,1408.1719481007633,20.512296376754026,3221.8070652173915
data_preprocessed\val\tutup\tutup48k-tutup_154.wav.wav,tutup,0.02053552,0.12537639,0.10807518,0.17251747532894737,1568.3870428954633,1342.7752686432382,19.781199603393954,2803.0427631578946
data_preprocessed\val\tutup\tutup48k-tutup_155.wav.wav,tutup,0.02042715,0.12541069,0.10807587,0.17901932565789475,1569.638947306192,1345.0070519980757,19.89489783874309,2800.1644736842104
data_preprocessed\val\tutup\tutup48k-tutup_156.wav.wav,tutup,0.023496425,0.14352377,0.1268359,0.17429517663043478,1827.0053126462628,1428.2627984046978,20.463906094318922,3242.866847826087
data_preprocessed\val\tutup\tutup48k-tutup_157.wav.wav,tutup,0.020702856,0.12545869,0.10818307,0.1611328125,1556.9472097078863,1329.5116320121797,19.98542720194978,2771.3815789473683
data_preprocessed\val\tutup\tutup48k-tutup_158.wav.wav,tutup,0.023896504,0.14362852,0.12703559,0.16304347826086957,1811.8687154716788,1401.7337309877284,20.52790222560916,3217.391304347826
data_preprocessed\val\tutup\tutup48k-tutup_159.wav.wav,tutup,0.023159094,0.14349452,0.1267139,0.18599269701086957,1840.8225714578261,1449.6468208463102,20.54011248786032,3268.6820652173915
data_preprocessed\val\tutup\tutup48k-tutup_160.wav.wav,tutup,0.02405963,0.14368372,0.12712589,0.16813858695652173,1809.5483237636038,1397.159423184252,20.43846178077276,3213.654891304348
data_preprocessed\val\tutup\tutup48k-tutup_161.wav.wav,tutup,0.020670542,0.12545379,0.10817168,0.16532175164473684,1556.5525739926386,1328.3344171653312,19.891633679231266,2766.0361842105262
data_preprocessed\val\tutup\tutup48k-tutup_162.wav.wav,tutup,0.020626359,0.12544693,0.10815527,0.1649876644736842,1559.5515507445539,1333.0848017231822,20.087474032177994,2777.9605263157896
data_preprocessed\val\tutup\tutup48k-tutup_163.wav.wav,tutup,0.020688977,0.12545468,0.10817669,0.16336862664473684,1557.306780808607,1330.1026644269857,19.826714414369878,2770.970394736842
data_preprocessed\val\tutup\tutup48k-tutup_164.wav.wav,tutup,0.022735657,0.14339669,0.12650982,0.1964164402173913,1862.8120550453177,1478.5359750558623,20.49491465499281,3329.8233695652175
data_preprocessed\val\tutup\tutup48k-tutup_165.wav.wav,tutup,0.023175698,0.12777701,0.11099471,0.1523150275735294,1502.506929803874,1329.315723398235,19.30412115360745,2734.375
data_preprocessed\val\tutup\tutup48k-tutup_166.wav.wav,tutup,0.023119513,0.12774767,0.11095661,0.16144875919117646,1513.7543601223208,1339.8154627353322,19.263629331969778,2772.9779411764707
data_preprocessed\val\tutup\tutup48k-tutup_167.wav.wav,tutup,0.02286692,0.13729285,0.121854216,0.15645926339285715,1833.8479388087046,1432.5560513258883,20.519261809314546,3311.3839285714284
data_preprocessed\val\tutup\tutup48k-tutup_168.wav.wav,tutup,0.023129128,0.12774828,0.110959984,0.16162109375,1511.4472474516367,1337.770223371481,19.237358112700466,2765.625
data_preprocessed\val\tutup\tutup48k-tutup_169.wav.wav,tutup,0.023140177,0.12777345,0.11098316,0.16162109375,1508.8560803162338,1334.9600669536435,19.298854305696548,2757.8125
data_preprocessed\val\tutup\tutup48k-tutup_170.wav.wav,tutup,0.023103561,0.12773363,0.11094181,0.17061121323529413,1507.905879510237,1334.487871592186,19.32146478162941,2745.863970588235
data_preprocessed\val\tutup\tutup48k-tutup_171.wav.wav,tutup,0.022971734,0.1373045,0.121890195,0.15641276041666666,1829.7836664660076,1424.1144966476338,20.523033900162183,3308.035714285714
data_preprocessed\val\tutup\tutup48k-tutup_172.wav.wav,tutup,0.02321009,0.12777708,0.11100318,0.1416015625,1504.5207725729365,1330.9967380394787,19.406908086097246,2751.8382352941176
data_preprocessed\val\tutup\tutup48k-tutup_173.wav.wav,tutup,0.023118954,0.13736129,0.12197573,0.16987537202380953,1825.536965119577,1415.1666963288903,20.470881710932517,3305.4315476190477
data_preprocessed\val\tutup\tutup48k-tutup_174.wav.wav,tutup,0.023014255,0.12772158,0.110909306,0.18480009191176472,1516.9866909142936,1347.6492165813606,19.27493817862577,2780.7904411764707
data_preprocessed\val\tutup\tutup48k-tutup_175.wav.wav,tutup,0.023177624,0.12776643,0.110986605,0.15248736213235295,1502.6176826914289,1329.74650194177,19.466882172142995,2738.511029411765
data_preprocessed\val\tutup\tutup48k-tutup_176.wav.wav,tutup,0.023016611,0.13731126,0.12190682,0.15525018601190477,1827.7442439301933,1419.861243985192,20.53440289998808,3306.9196428571427
data_preprocessed\val\tutup\tutup48k-tutup_177.wav.wav,tutup,0.023001075,0.12773663,0.11091827,0.18669577205882354,1514.910993101109,1347.143197219432,19.304828885672155,2771.5992647058824
data_preprocessed\val\tutup\tutup48k-tutup_178.wav.wav,tutup,0.023218889,0.12778403,0.111010864,0.1421185661764706,1502.908977150618,1330.0034258087253,19.51535376790808,2747.2426470588234
data_preprocessed\val\tutup\tutup48k-tutup_179.wav.wav,tutup,0.023207296,0.12777373,0.1109996,0.14217601102941177,1505.8044522424605,1333.026135181828,19.438656290175103,2754.136029411765
data_preprocessed\val\tutup\tutup48k-tutup_180.wav.wav,tutup,0.023120727,0.13735771,0.121973366,0.16968936011904762,1825.4659492080439,1415.087912548906,20.5493654233892,3305.8035714285716
data_preprocessed\val\tutup\tutup48k-tutup_181.wav.wav,tutup,0.02316608,0.12774727,0.11096735,0.15277458639705882,1505.005012193316,1330.8797400574158,19.375169989381607,2742.1875
data_preprocessed\val\tutup\tutup48k-tutup_182.wav.wav,tutup,0.02315193,0.12774771,0.11096428,0.15340647977941177,1505.4216957415258,1332.0560208125798,19.42320024610001,2745.863970588235
data_preprocessed\val\tutup\tutup48k-tutup_183.wav.wav,tutup,0.023966767,0.14226642,0.12695481,0.16090152138157895,1763.467178364684,1405.4088784703683,20.237878144149093,3137.746710526316
data_preprocessed\val\tutup\tutup48k-tutup_184.wav.wav,tutup,0.02217654,0.13213587,0.11353652,0.1624755859375,1557.8525712621154,1344.0452969605303,18.90307438991947,2811.03515625
data_preprocessed\val\tutup\tutup48k-tutup_185.wav.wav,tutup,0.022126408,0.13212726,0.113517545,0.176910400390625,1556.5048826746097,1343.0874469328835,18.752402280135097,2806.640625
data_preprocessed\val\tutup\tutup48k-tutup_186.wav.wav,tutup,0.024014529,0.14227629,0.12697509,0.16563013980263158,1762.4655667109791,1403.4480505088186,20.11235924677354,3136.5131578947367
data_preprocessed\val\tutup\tutup48k-tutup_187.wav.wav,tutup,0.02385365,0.1422255,0.12689021,0.16473067434210525,1768.520946004203,1416.5999202576124,20.1202792218731,3143.503289473684
data_preprocessed\val\tutup\tutup48k-tutup_188.wav.wav,tutup,0.024011493,0.14227457,0.12697305,0.16478207236842105,1762.4821915784844,1403.529777015636,20.192789569496888,3136.1019736842104
data_preprocessed\val\tutup\tutup48k-tutup_189.wav.wav,tutup,0.024009801,0.14227305,0.12697132,0.16462787828947367,1762.489054734743,1403.530097696367,20.182053392003603,3136.1019736842104
data_preprocessed\val\tutup\tutup48k-tutup_190.wav.wav,tutup,0.023846418,0.14225401,0.1269135,0.16372841282894737,1768.8016459423911,1416.8016043430698,20.173515337054297,3148.0263157894738
data_preprocessed\val\tutup\tutup48k-tutup_191.wav.wav,tutup,0.023913996,0.14228027,0.12695341,0.16195518092105263,1766.5053207122485,1411.6645258055487,20.079436994191692,3141.4473684210525
data_preprocessed\val\tutup\tutup48k-tutup_192.wav.wav,tutup,0.023764495,0.14217034,0.126822,0.1665553042763158,1772.3009783862278,1423.2310131092145,20.142058626086044,3155.8388157894738
data_preprocessed\val\tutup\tutup48k-tutup_193.wav.wav,tutup,0.022075482,0.13210945,0.113491304,0.18572998046875,1559.1558135958485,1348.0079566541467,18.88072335049721,2802.734375
data_preprocessed\val\tutup\tutup48k-tutup_194.wav.wav,tutup,0.023951957,0.1422598,0.12694536,0.16043893914473684,1764.502845487033,1407.8135042127533,20.13551634044034,3138.157894736842
data_preprocessed\val\tutup\tutup48k-tutup_195.wav.wav,tutup,0.023978584,0.14226611,0.12695749,0.16151829769736842,1763.1868121867553,1404.8311588264228,20.17547903774931,3137.3355263157896
data_preprocessed\val\tutup\tutup48k-tutup_196.wav.wav,tutup,0.022183752,0.13214521,0.113545716,0.1627197265625,1558.4753058473834,1343.8568119700408,18.888109753096504,2813.4765625
data_preprocessed\val\tutup\tutup48k-tutup_197.wav.wav,tutup,0.022098461,0.13211916,0.1135049,0.184967041015625,1554.7606312345697,1343.074750280645,18.911295619202896,2792.96875
data_preprocessed\val\tutup\tutup48k-tutup_198.wav.wav,tutup,0.02215298,0.13213408,0.113529935,0.168243408203125,1556.9615462419497,1342.6169654668922,18.862463197255856,2806.15234375
data_preprocessed\val\tutup\tutup48k-tutup_199.wav.wav,tutup,0.023932984,0.14225064,0.1269324,0.16149259868421054,1765.5242205497325,1410.2402818698454,20.059563837524557,3140.2138157894738
